{
  "validation": {
    "mae": 12.43742389988253,
    "mape": 0.3362386913279985,
    "correlation": -0.27209678324314795
  },
  "test": {
    "mae": 15.28274192910474,
    "mape": 0.36995454757524776,
    "correlation": -0.3276789355566936
  },
  "timestamp": "2025-12-09T17:52:25.149060",
  "data_size": {
    "train": 7392,
    "val": 278,
    "test": 1907
  }
}