{
  "validation": {
    "mae": 12.439581129545491,
    "mape": 0.33697724708802607,
    "correlation": -0.22734705277749237
  },
  "test": {
    "mae": 15.280468999693301,
    "mape": 0.3682741080641121,
    "correlation": -0.31751422866194995
  },
  "timestamp": "2025-12-09T19:55:21.597389",
  "data_size": {
    "train": 7392,
    "val": 278,
    "test": 1907
  }
}