{
  "feature_names": [
    "rally_year",
    "stage_number",
    "stage_number_in_day",
    "stage_length_km",
    "overall_position_before",
    "class_position_before",
    "surface_asphalt",
    "surface_gravel",
    "is_night",
    "length_short",
    "length_medium",
    "length_long",
    "length_very_long",
    "class_ordinal",
    "class_2",
    "class_3",
    "class_4",
    "class_5",
    "class_H1",
    "class_H2",
    "class_K1",
    "class_K2",
    "class_K3",
    "class_K4",
    "class_N",
    "class_R4",
    "class_Rally2",
    "class_Rally4",
    "class_S2",
    "class_S3",
    "class_S4",
    "class_SSV",
    "class_S\u0131n\u0131f 2",
    "class_S\u0131n\u0131f 3",
    "class_S\u0131n\u0131f 4",
    "driver_mean_ratio_surface",
    "driver_std_ratio_surface",
    "driver_mean_ratio_overall",
    "driver_best_ratio_season",
    "driver_stages_completed",
    "driver_last3_ratio_same_rally",
    "driver_avg_ratio_this_rally",
    "stage_progress",
    "is_first_stage_of_day",
    "is_leading_overall",
    "is_leading_class",
    "is_top3_class"
  ],
  "feature_importance": {
    "rally_year": 0.0,
    "stage_number": 220.42469156646257,
    "stage_number_in_day": 0.0,
    "stage_length_km": 909.2893294083151,
    "overall_position_before": 0.0,
    "class_position_before": 0.0,
    "surface_asphalt": 0.0,
    "surface_gravel": 0.0,
    "is_night": 0.0,
    "length_short": 33.10836824460421,
    "length_medium": 12.859239039942622,
    "length_long": 8.440401228144765,
    "length_very_long": 0.0,
    "class_ordinal": 0.1497490182518959,
    "class_2": 26.800579134374857,
    "class_3": 29.774139697197825,
    "class_4": 44.83575364667922,
    "class_5": 2.844889309257269,
    "class_H1": 3.6227670945227146,
    "class_H2": 3.5795462895184755,
    "class_K1": 35.944136794656515,
    "class_K2": 13.76432863716036,
    "class_K3": 17.691479419358075,
    "class_K4": 2.6160106100142,
    "class_N": 10.220551966689527,
    "class_R4": 0.0,
    "class_Rally2": 0.0405845008790493,
    "class_Rally4": 0.0,
    "class_S2": 0.0,
    "class_S3": 0.0,
    "class_S4": 0.0,
    "class_SSV": 0.0,
    "class_S\u0131n\u0131f 2": 0.0,
    "class_S\u0131n\u0131f 3": 0.0,
    "class_S\u0131n\u0131f 4": 0.0,
    "driver_mean_ratio_surface": 592.4801362147264,
    "driver_std_ratio_surface": 239.97175777415396,
    "driver_mean_ratio_overall": 158.33539360226132,
    "driver_best_ratio_season": 1672.8936842684052,
    "driver_stages_completed": 140.57767312321812,
    "driver_last3_ratio_same_rally": 586.9612767595099,
    "driver_avg_ratio_this_rally": 23.59408852038905,
    "stage_progress": 530.1956366424565,
    "is_first_stage_of_day": 0.0,
    "is_leading_overall": 0.0,
    "is_leading_class": 0.0,
    "is_top3_class": 0.0
  },
  "config": {
    "type": "lightgbm",
    "target": "ratio_to_class_best",
    "hyperparameters": {
      "objective": "regression",
      "metric": "mae",
      "n_estimators": 500,
      "learning_rate": 0.03,
      "max_depth": 8,
      "num_leaves": 31,
      "min_child_samples": 20,
      "subsample": 0.8,
      "colsample_bytree": 0.8,
      "reg_alpha": 0.1,
      "reg_lambda": 0.1,
      "random_state": 42
    },
    "split": {
      "train_ratio": 0.7,
      "val_ratio": 0.15,
      "test_ratio": 0.15
    }
  }
}